{
  "project_info": {
    "project_number": "308762689614",
    "project_id": "test1-2",
    "storage_bucket": "test1-2.appspot.com"
  },
  "client": [
    {
      "client_info": {
        "mobilesdk_app_id": "1:932600920012:android:ff8de6e0382f551734cf69",
        "android_client_info": {
          "package_name": "com.example.untitled1"
        }
      },
      "oauth_client": [],
      "api_key": [
        {
          "current_key": "AIzaSyAPG6gMZX9gaopW03QY83AxOkGqFIbNXHo"
        }
      ],
      "services": {
        "appinvite_service": {
          "other_platform_oauth_client": []
        }
      }
    }
  ],
  "configuration_version": "1"
}