{
  "project_info": {
    "project_number": "722836059431",
    "project_id": "mobile-diabetic-app",
    "storage_bucket": "mobile-diabetic-app.appspot.com"
  },
  "client": [
    {
      "client_info": {
        "mobilesdk_app_id": "1:722836059431:android:504cf77b2354523103a502",
        "android_client_info": {
          "package_name": "com.projectschool.mobilediabeticapp"
        }
      },
      "oauth_client": [],
      "api_key": [
        {
          "current_key": "AIzaSyBZ4kqb1Z9Qdd_35T3wsTZq3sko2Q6NUyg"
        }
      ],
      "services": {
        "appinvite_service": {
          "other_platform_oauth_client": []
        }
      }
    }
  ],
  "configuration_version": "1"
}